Symbol,DescriptionAAR-UN.to,Pure Industrial Real EstABK-A.to,Allbanc Split Corp ClassACO-X.to,Atco Ltd- Cl-I NvACO-Y.to,Atco Ltd Cl IIACR-UN.to,Agellan Commercial REITADW-A.to,Andrew Peller Limited CAET-UN.to,Argent Energy TrustAEU-UN.to,Activenergy Income FundAGF-B.to,Agf Management Ltd- Cl-AKT-A.to,Akita Drilling Ltd- Cl-AP-UN.to,Allied Properties Real EATD-A.to,Alimentation Couche-TardATD-B.to,Alimentation Couche-TardAUI-UN.to,Australian Banc Income FAV-UN.to,Aston Hill Adv Vip IncomAW-UN.to,A&W Revenue Royalties InAX-UN.to,Artis Real Estate InvestBAM-A.to,Brookfield Asset ManagemBBD-A.to,Bombardier Inc- Cl- ABBD-B.to,Bombardier Inc- Cl- BBEI-UN.to,Boardwalk Real Estate InBEK-B.to,Becker Milk Company Ltd-BEP-UN.to,Brookfield Renewable EneBGI-UN.to,Brookfield Glbl Infras SBHY-UN.to,Brookfield High Yld StraBI-UN.to,Bloom Inc and Growth CADBIG-D.to,Big 8 Split Inc Class DBIP-UN.to,Brookfield Infra PartnerBOX-UN.to,Brookfield Canada OfficeBPF-UN.to,Boston Pizza Royalties IBPY-UN.to,Brookfield Property PartBSD-UN.to,Brookfield Soundvest SplBSO-UN.to,Brookfield Select OpportBTB-UN.to,Btb REIT UnitsBYD-UN.to,Boyd Group Income FundCAG-UN.to,Coxe Global AgribusinessCAR-UN.to,CDN Apartment UnCBB-A.to,First Asset Core BalanceCBO-A.to,Ishares 1-5Yr Laddered CCCI-UN.to,Canadian Convertibles PlCCL-A.to,Ccl Inc- Cl ACCL-B.to,Ccl Industries Inc- Cl-CDD-UN.to,Core Canadian Dividend TCDZ-A.to,Ishares Sp TSX CDN DividCEF-A.to,Central Fund of Canada LCES-B.to,First Asset Core US EquiCEW-A.to,Ishares Equal Weight BanCGL-C.to,Ishares Gold Bullion ETFCHB-A.to,Ishares US HY Fixed IncoCHE-UN.to,Chemtrade Logistics IncoCHP-UN.to,Choice Properties REITCHR-A.to,Chorus Aviation Inc Cl ACHR-B.to,Chorus Aviation Inc Cl BCIE-A.to,Ishares Intl FundamentalCIQ-UN.to,Canadian High Income EquCJR-B.to,Corus Entertainment Inc-CLF-A.to,Ishares 1-5 Yr Ladder GoCLU-A.to,Ishares US Fundamental ICLU-C.to,Ishares US Fundamental ICOX-UN.to,Coxe Commodity StrategyCPD-A.to,Ishares Sp TSX CDN PrefCRQ-A.to,Ishares CAD FundamentalCRR-UN.to,Crombie Real Estate InveCRT-UN.to,Ct Real Estate InvestmenCSH-UN.to,Chartwell Retirement ResCSW-A.to,Corby Spirit and Wine LtCSW-B.to,Corby Spirit and Wine LtCTC-A.to,Canadian Tire CorporatioCU-X.to,CDN Util Cl BCUF-UN.to,Cominar R E UnCUP-U.to,Caribbean Util USCVD-A.to,Ishares Convertible BondCWO-A.to,Ishares Emg Mkts FundameCWT-UN.to,Calloway Real Estate InvCXA-B.to,Cons Hci Cl BCYH-A.to,Ishares Global Monthly DD-UN.to,Dream Office REITDC-A.to,Dundee Corp- Cl-A SvDHX-A.to,Dhx Media Ltd Class ADHX-B.to,Dhx Media Ltd Class BDII-A.to,Dorel Industries Inc- CDII-B.to,Dorel Industries Inc- CDIR-UN.to,Dream Industrial REITDRA-UN.to,Dream Hard Asset AlternaDRG-UN.to,Dream Global REITEB-UN.to,F A Hamilton Capital EUREBC-UN.to,Europe Blue Chip Div andEBF-UN.to,European Strategic BalanEGI-UN.to,Excel India Growth and IEGL-UN.to,Eagle Energy TrustEIT-UN.to,Canoe Eit Income Fund UnELA-UN.to,Excel Latin America BondEMP-A.to,Empire Company Ltd- Cl-ENI-UN.to,Energy Income FundEUR-A.to,First Trust Alphadex EURFDS-UN.to,First Trust Global DividFFI-UN.to,Flaherty & Crumrine FixeFIE-A.to,Ishares CDN Fin Mthly InFSD-UN.to,First Trust Adv Sh Dur HGCG-A.to,Guardian Capital Group LGGT-UN.to,Goodman Gold TrustGIB-A.to,CGI Group Inc- Cl-A SvGIF-UN.to,Global Infrastructure DiGII-UN.to,Global Div Inv Gr- IncomGRT-UN.to,Granite Real Estate InveGSB-UN.to,Goldman Sachs US IncomeGTU-UN.to,Central GoldtrustHAL-A.to,Horizons Active CDN DiviHAY-UN.to,Stone Agribusiness FundHBF-UN.to,Brand Leaders Plus IncomHBL-UN.to,Brand Leaders Income FunHEJ-A.to,Horizons Enhd Inc Intl EHEN-UN.to,Energy Leaders Income FdHGI-UN.to,Global Adv Telecom UtiliHHL-UN.to,Healthcare Leaders IncomHHY-UN.to,High Rock CDN High YieldHMM-A.to,Hammond Manufacturing CoHNZ-A.to,Hnz Group Inc Cl AHNZ-B.to,Hnz Group Inc Cl BHOT-UN.to,American Hotel Income PrHPF-UN.to,Energy Leaders Plus IncoHPR-A.to,Horizons Active PreferreHPS-A.to,Hammond Power SolutionsHR-UN.to,H&R Real Estate Inv TrusHRR-UN.to,Australian REIT Income FHTO-UN.to,Global Water Solutions FHUL-UN.to,US Buyback Leaders FundHYB-UN.to,Ddj High Yield FundIFB-UN.to,Investment Grade InfrstrIIP-UN.to,Interrent Real Estate InINC-UN.to,Income Fin UnINN-UN.to,Innvest REIT Trust UnitsINO-UN.to,Inovalis REITKEG-UN.to,Keg Royalties Income FunKWH-UN.to,Crius Energy TrustLAS-A.to,Lassonde Industries Inc-LGT-A.to,Logistec Corporation ClLGT-B.to,Logistec Corporation ClLRT-UN.to,Lanesborough R-E- InvestMBK-UN.to,Manulife US Regional BanMDZ-A.to,Mdc Partners Inc- Cl -AMFR-UN.to,Manulife Floating Rate SMHY-UN.to,Marret High Yield StrateMID-UN.to,Mint Income FundMIF-UN.to,Marquest CDN Equity IncoMIG-UN.to,Marret Investment GradeMKZ-UN.to,Mackenzie Mstr UnMMP-UN.to,Precious Metals and MiniMPC-C.to,Madison Pacific PropertiMR-UN.to,Melcor REITMRG-UN.to,Morguard Na ResidentialMRT-UN.to,Morguard UnMST-UN.to,Milestone Apartments ReiNAF-UN.to,North American FinancialNCC-A.to,Newfoundland Capital CorNCD-UN.to,North American Adv CoverNEW-A.to,Newgrowth Cl ANGI-UN.to,Ndx Growth and Income FuNIF-UN.to,Noranda Income FundNPF-UN.to,North American PreferredNPR-UN.to,Northern Property REITNRF-UN.to,North American REIT IncoNWH-UN.to,Northwest Healthcare ProNXF-B.to,First Asset Energy GiantNXF-D.to,First Asset Energy GiantOCS-UN.to,Ocp Credit Strategy FundOGF-UN.to,Aston Hill Oil and Gas IOSL-UN.to,Ocp Senior Credit FundOUY-UN.to,Oleary US Strategic YielOVI-A.to,Ovivo Inc Class AP-WT.to,Primero Mining Corp WtsPAR-UN.to,Partners REIT UnitsPBI-B.to,Purpose Best Ideas FundPCD-UN.to,Pathfinder Income FundPCF-UN.to,Energy Credit Opp IncomePGI-UN.to,Pimco Global Inc OpportuPIC-A.to,Premium Income APJC-A.to,Jean Coutu Group (Pjc) IPLT-UN.to,Parallel Energy TrustPLZ-UN.to,Plaza Retail REITPRF-UN.to,Pinebridge Inv Grade PreQBR-A.to,Quebecor Inc- Cl-A MvQBR-B.to,Quebecor Inc- Cl-B SvQSP-UN.to,Restaurant Brands Intl LRAI-UN.to,Real Asset Income and GrRAV-UN.to,Ravensource FundRBN-UN.to,Blue Ribbon Income FundRCI-A.to,Rogers Communications InRCI-B.to,Rogers Communications InRCO-UN.to,Middlefield Can Global RREF-UN.to,CDN Real Estate UnREI-UN.to,Riocan Real Est UnRET-A.to,Reitmans (Canada) Ltd-RMM-UN.to,Retrocom REIT UnitsRPI-UN.to,Richards Packaging IncomRRF-UN.to,Raven Rock Strategic IncRTU-UN.to,CDN Resources UnRWW-B.to,First Asset MSCI Wld LrSCW-UN.to,Canso Select OpportunitiSIF-UN.to,Strategic Income AllocatSIN-UN.to,Sciti TrustSJR-B.to,Shaw Communications Inc-SKG-UN.to,Skylon Growth & Income FSMU-UN.to,Summit Industrial IncomeSOT-UN.to,Slate Office REITSRT-UN.to,Slate Retail REITSRV-UN.to,Sir Royalty Income FundSSF-UN.to,Symphony Floating Rate SSVR-C.to,Ishares Silver Bullion ETCK-A.to,Teck Resources Limited CTCK-B.to,Teck Resources Limited CTCL-A.to,Transcontinental Inc- CTCT-UN.to,Top 10 Canadian FinanciaTGF-UN.to,Timbercreek Global RealTLF-UN.to,Tech Leaders Income FundTMI-B.to,Trimetals Mining Inc ClaTN-UN.to,True North Apartment ReiTNT-UN.to,True North Commercial ReTPX-B.to,Molson Coors Canada Inc-TRF-UN.to,First Asset Energy & ResTRH-UN.to,Triax Diversif UnTRZ-A.to,Transat A-T- Inc- Cl-ATRZ-B.to,Transat A-T- Inc- ClassTS-B.to,Torstar Corp- Cl- B NvTVA-B.to,Tva Group Inc- Cl-B NvURB-A.to,Urbana Corporation Cl AUSF-UN.to,US Financials Income FunUSH-UN.to,US Housing Recovery FundUSM-UN.to,US Agency Mortgage BackeUXM-B.to,Fa Morningstar US Div TgVGI-UN.to,Voya Global Income SolutVIP-UN.to,Aston Hill Vip Income FuVXM-B.to,F A Morningstar Intl ValVXM-D.to,F A Morningstar Intl ValWJA-A.to,Westjet Airlines Ltd- RWXM-A.to,F A Morningstar Cda MomeXMF-A.to,M Split Corp Capital ShaXXM-B.to,Fa Morningstr US Value IYOU-UN.to,Yield Advantage Income TYP-UN.to,Yieldplus Income FundYRB-A.to,Yorbeau Res A JYXM-B.to,Fa Morningstar US MomentZXM-B.to,F A Morningstar Intl MomAAA.to,Allana Potash CorpAAB.to,Aberdeen International IAAV.to,Advantage Oil & Gas Ltd-ABT.to,Absolute Software Corp-ABX.to,Barrick Gold CorporationAC.to,Air CanadaACC.to,Amica MatureACD.to,Accord FinancialACQ.to,Autocanada IncAD.to,Alaris Royalty Corp-ADN.to,Acadian Timber CorpADV.to,Alderon Iron Ore CorpAEI.to,Arsenal Energy Inc-AEM.to,Agnico Eagle Mines LimitAEZ.to,Aeterna Zentaris Inc-AF.to,Alarmforce JAFN.to,Ag Growth InternationalAGI.to,Alamos Gold Inc-AGT.to,Agt Food and IngredientsAGU.to,Agrium IncAHF.to,Aston Hill Financial IncAI.to,Atrium Mortgage InvestmeAIF.to,Altus Group LimitedAIM.to,Aimia IncAJX.to,Agjunction IncAKG.to,Asanko Gold IncALA.to,Altagas Ltd-ALB.to,Allbanc Split Banc CorpALC.to,Algoma CentralALS.to,Altius Minerals CorporatAM.to,Automodular CorporationAMF.to,Amorfix Life Science LtdAMM.to,Almaden Minerals Ltd-ANX.to,Anaconda Mining Inc-AOI.to,Africa Oil CorpAPS.to,Aptose Biosciences IncAPY.to,Anglo Pacific Group PlcAQA.to,Aquila Resources Inc-AQN.to,Algonquin Power and UtilAR.to,Argonaut Gold Inc-ARE.to,Aecon Group IncARG.to,Amerigo Resources Ltd-ARL.to,Africo Resources Ltd-ARX.to,Arc Resources Ltd-ASR.to,Alacer Gold CorpATA.to,Ats AutomationATH.to,Athabasca Oil CorpATL.to,Atlatsa Resources CorporATN.to,Atna Res JATP.to,Atlantic Power Corp-AUE.to,Aureus Mining IncAUM.to,Golden Minerals CompanyAUP.to,Aurinia PharmaceuticalsAUQ.to,Aurico Gold IncAVK.to,Avnel Gold Mining Ltd-AVL.to,Avalon Rare Metals Inc-AVO.to,Avigilon CorporationAVP.to,Avcorp Industries Inc-AXF.to,First Asset All Cda BondAXL.to,Anderson Energy Inc-AXR.to,Alexco Resource Corp-AXX.to,Axia Netmedia JAXY.to,Alterra Power CorpAYA.to,Amaya IncAZ.to,Az Mining IncAZZ.to,Azarga Uranium CorpBAA.to,Banro Corp-BAD.to,Badger Daylighting Ltd-BAN.to,Bannerman Resources LimiBAR.to,Balmoral Resources LtdBB.to,Blackberry LimitedBBO.to,Big Bank Big Oil Split CBCB.to,Cott CorpBCE.to,BCE Inc-BCI.to,New Look Eyewear IncBDI.to,Black Diamond Group LtdBDT.to,Bird Construction Inc-BIN.to,Progressive Waste SolutiBIR.to,Birchcliff Energy Ltd-BK.to,Canadian Banc CorpBKI.to,Black Iron IncBKL.to,Powershares Sr Loan CADBKX.to,Bnk Petroleum Inc-BLD.to,Ballard PowerBLU.to,Bellus Health Inc-BLX.to,Boralex Inc-BMO.to,Bank of MontrealBNE.to,Bonterra Energy CorpBNG.to,Bengal Energy Ltd-BNK.to,Bankers Petroleum Ltd-BNP.to,Bonavista Energy CorporaBNS.to,Bank of Nova ScotiaBOS.to,Airboss America JBOY.to,Boyuan Construction GrouBQE.to,Bioteq Environmental TecBR.to,Big Rock Brewery Inc-BRB.to,Brick Brewing JBRE.to,Brookfield Real Estate SBRY.to,Bri Chem CorpBSC.to,Bns Split Corp-  IIBSX.to,Belo Sun Mining CorpBTE.to,Baytex Energy Corp-BTO.to,B2Gold Corp-BU.to,Burcon Nutrascience CorpBUI.to,Buhler IndBX.to,Biox CorporationBXE.to,Bellatrix Exploration LtBXF.to,First Asset 1 To 5 Yr LaBXO.to,Boulder Energy LtdBYL.to,Baylin Technologies IncCAE.to,Cae IncCAL.to,Caledonia Mining CorporaCAM.to,Canam Group Inc-CAO.to,Cara Operations LimitedCAS.to,Cascades IncCAX.to,Candax Energy Inc-CAZ.to,Caza OilCBD.to,Ishares Balanced IncomeCBF.to,Canbanc 8 Income CorpCBH.to,Ishares 1-10 Yr LadderedCBL.to,Callidus Capital CorpCBN.to,Ishares Balanced GrowthCBO.to,Ishares 1-5Yr Laddered CCBQ.to,Ishares BRIC ETFCBR.to,Ishares Broad CommodityCBU.to,First Asset Canbanc Cl-CCA.to,Cogeco Cable Inc- SvCCM.to,Canarc Res JCCO.to,Cameco CorpCCT.to,Catamaran CorporationCCV.to,Counterpath CorporationCCX.to,Canadian Crude Oil IndexCCZ.to,Criticalcontrol SolutionCDG.to,Candente Gold Corp-CDH.to,Corridor Resources Inc-CDI.to,Canelson Drilling IncCDU.to,Cardero Resource Corp-CDV.to,Com Dev IntlCDZ.to,Ishares Sp TSX CDN DividCED.to,First Asset Core CDN EquCEE.to,Centamin PlcCES.to,First Asset Core US EquiCET.to,Cathedral Energy ServiceCEU.to,Canadian Energy Svcs andCEW.to,Ishares Equal Weight BanCF.to,Canaccord Genuity GroupCFF.to,Conifex Timber IncCFP.to,Canfor CorpCFW.to,Calfrac Well Services LtCFX.to,Canfor Pulp Products IncCG.to,Centerra Gold Inc-CGG.to,China Gold Int ResourcesCGI.to,CDN General InvCGJ.to,Carlisle Goldfields LimiCGL.to,Ishares Gold Bullion ETFCGO.to,Cogeco Inc- SvCGR.to,Ishares Global Real EstaCGX.to,Cineplex Inc-CHB.to,Ishares US HY Fixed IncoCHH.to,Centric Health CorporatiCHI.to,Ishares China All Cap InCHW.to,Chesswood Group LimitedCIA.to,Champion Iron LimitedCIC.to,Canbanc Income CorpCIE.to,Ishares Intl FundamentalCIF.to,Ishares Global InfrastruCIG.to,Colliers International Group Inc-CIX.to,Ci Financial Corp-CJ.to,Cardinal Energy LtdCJP.to,Ishares Japan Fund Idx ECJT.to,Cargojet Inc-CKE.to,Chinook Energy Inc-CKI.to,Clarke IncCLC.to,Connacher Oil and Gas LiCLF.to,Ishares 1-5 Yr Ladder GoCLG.to,Ishares 1-10 Yr Ladder GCLO.to,Ishares Oil Sands Idx EtCLR.to,Clearwater Seafoods IncoCLS.to,Celestica Inc- SvCLU.to,Ishares US Fundamental ICM.to,Canadian Imperial Bank OCMG.to,Computer Modelling GroupCMH.to,Carmanah Technologies CoCML.to,Canickel Mining LimitedCMR.to,Ishares Premium Money MaCMW.to,Ishares Sp TSX Global MiCNE.to,Canacol Energy LtdCNL.to,Continental Gold LtdCNQ.to,CDN Natural ResCNR.to,Canadian National RailwaCNU.to,Cnooc LimitedCOM.to,Cardiome Pharma CorpCOP.to,Coro Mining Corp-COS.to,Canadian Oil Sands LimitCOW.to,Ishares Global Agri IndeCP.to,Canadian Pacific RailwayCPD.to,Ishares Sp TSX CDN PrefCPG.to,Crescent Point Energy CoCPH.to,Cipher Pharmaceuticals ICPI.to,Condor Petroleum IncCPN.to,Carpathian Gold Inc-CPX.to,Capital Power CorporatioCQE.to,Cequence Energy Ltd-CR.to,Crew Energy IncCRH.to,CRH Medical CorporationCRJ.to,Claude ResCRK.to,Crocodile Gold CorpCRP.to,Ceres Global Ag Corp-CRQ.to,Ishares  Canadian FundamCS.to,Capstone Mining Corp-CSD.to,Ishares Adv Short Dur HiCSE.to,Capstone InfrastructureCSU.to,Constellation Software ICSY.to,Can 60 Income CorpCTC.to,Canadian Tire CorporatioCTH.to,Cynapsus Therapeutics InCTY.to,Calian Technologies Ltd-CU.to,Canadian Utilities Ltd-CUD.to,Ishares Sp US Div GrowerCUM.to,Copper Mountain Mining CCUR.to,Diagnocure Inc JCUS.to,Canexus CorporationCVD.to,Ishares Convertible BondCVE.to,Cenovus Energy Inc-CVG.to,Clairvest GroupCVL.to,Cervus Equipment CorporaCWB.to,CDN Western BankCWF.to,CDN World FundCWI.to,Crosswinds Holdings IncCWL.to,Caldwell Partners InternCWO.to,Ishares Emg Mkts FundameCWW.to,Ishares Sp Global WaterCWX.to,Canwel Building MaterialCXF.to,First Asset CDN ConvertCXI.to,Currency Exchange InternCXN.to,Chalice Gold Mines LimitCXR.to,Concordia Healthcare CorCYB.to,Cymbria Corporation Cl ACYH.to,Ishares Global Monthly DCYT.to,Catalyst Paper CorporatiCZN.to,CDN Zinc Corp JCZQ.to,Continental Precious MinDBO.to,Dbox Technologies IncDCF.to,Difference Capital FinanDCI.to,Directcash Payments Inc-DDC.to,Dominion Diamond CorporaDEE.to,Delphi Energy Corp-DEJ.to,Dejour Energy IncDEN.to,Dundee Energy LimitedDF.to,Dividend 15 Split Corp-DFN.to,Dividend 15 Split CorpDGC.to,Detour Gold CorporationDGI.to,Data Group LtdDGS.to,Dividend Growth Split CoDH.to,Dh CorporationDIV.to,Diversified Royalty CorpDL.to,Danier Leather Inc- SvDLR.to,Horizons US Dollar CurreDML.to,Denison Mines Corp-DMM.to,Dynasty MetalsDNA.to,Dalradian Resources Inc-DNG.to,Dynacor Gold Mines IncDNT.to,Candente Copper CorpDOL.to,Dollarama IncDOO.to,Brp IncDPM.to,Dundee Precious Metals IDR.to,Medical Facilities CorpDRM.to,Dream Unlimited CorpDRN.to,Delrand Resources LimiteDRT.to,Dirtt Environmental SoluDRX.to,Adf Group Inc- SvDS.to,Dividend Select 15 Corp-DSG.to,Descartes SysDW.to,Datawind IncDWI.to,Dragonwave Inc-DXM.to,F A Morningstar Cda DivE.to,Enterprise Group IncECA.to,Encana Corp-ECI.to,Enercare Inc-ECO.to,Ecosynthetix IncECP.to,Ecopetrol S-A-EDR.to,Endeavour Silver Corp-EDT.to,Spectral Medical IncEDV.to,Endeavour Mining CorpEFH.to,Echelon Financial HoldinEFL.to,Electrovaya Inc-EFN.to,Element Financial CorpEFR.to,Energy Fuels Inc-EFX.to,Enerflex LtdEGZ.to,Energizer Resources IncEH.to,Easyhome Ltd-EIF.to,Exchange Income CorporatELD.to,Eldorado GoldELF.to,E-L FinancialELV.to,Powershares Sp Emg MktsEMA.to,Emera IncorporatedEMD.to,Emed Mining Public LtdENB.to,Enbridge IncENF.to,Enbridge Income Fund HolENL.to,Endo International PlcENT.to,Entrec CorporationEOM.to,Eco Oro Minerals CorpEPS.to,Epsilon Energy Ltd-EQB.to,Equitable Group IncEQI.to,Equity Financial HoldingER.to,Eastmain Res JERD.to,Erdene Resource DevelopmERF.to,Enerplus CorporationERM.to,Eclipse Residential MortESI.to,Ensign Energy Services IESL.to,Enghouse Systems Ltd-ESN.to,Essential Energy ServiceESP.to,Espial Group Inc-ET.to,Evertz Technologies LimiETG.to,Entree Gold Inc-ETP.to,First Trust Global RiskETX.to,Etrion CorporationEUR.to,First Trust Alphadex EUREVT.to,Economic InvestmentEXE.to,Extendicare IncEXF.to,Exfo IncEXM.to,F A Morningstar Emerg CoEXN.to,Excellon Resources Inc-FAO.to,First Asset Active CrediFAP.to,Aberdeen Asia-Pacific InFAR.to,Foraco International SaFC.to,Firm Capital Mortgage InFCO.to,Formation Metals Inc-FCR.to,First Capital Realty IncFCU.to,Fission Uranium CorpFDE.to,First Trust Alphadex EmgFDV.to,First Asset Active CDN DFDY.to,First Trust Alphadex CDNFER.to,Century Iron Mines CorpFFH.to,Fairfax Financial HoldinFFN.to,North American FinancialFGX.to,Faircourt Gold Income CoFHB.to,First Asset Hamilton CapFHC.to,First Trust Alphadex USFHD.to,First Trust Alphadex USFHE.to,First Trust Alphadex USFHF.to,First Trust Alphadex USFHH.to,First Trust Alphadex USFHM.to,First Trust Alphadex USFHQ.to,First Trust Alphadex USFHY.to,First Trust Short DuratiFIC.to,Can Financials Income CoFIE.to,Ishares CDN Fin Mthly InFLI.to,First Asset US Cda LifecFM.to,First Quantum Minerals LFN.to,First National FinancialFNI.to,First Nickel Inc-FNV.to,Franco-Nevada CorporatioFOR.to,Fortune Bay CorpFOS.to,Phoscan Chemical Corp-FP.to,Fp Newspapers Inc-FPX.to,First Point Minerals CorFR.to,First Majestic Silver CoFRC.to,Canyon Services Group InFRF.to,First Asset Active CDN RFRO.to,Frontier Rare Earths LimFRU.to,Freehold Royalties Ltd-FRX.to,Fennec Pharmaceuticals IFSL.to,First Trust Senior LoanFSV.to,Firstservice CorporationFSY.to,Forsys Metals Corp-FSZ.to,Fiera Capital CorpFT.to,Fortune Mnrl JFTB.to,First Trust Tactical BonFTG.to,Firan Technology Group CFTN.to,Financial 15 Split CorpFTP.to,Fortress Paper Ltd-FTS.to,Fortis IncFTT.to,Finning IntlFTU.to,US Financial 15 Split CoFUD.to,First Trust Alphadex USFVI.to,Fortuna Silver Mines IncFVL.to,Freegold Ventures LimiteFXF.to,First Asset Can-FinanciaFXM.to,F A Morningstar Cda ValuG.to,Goldcorp IncGBT.to,Bmtc Group IncGBU.to,Gabriel Res JGC.to,Great Canadian Gaming CoGCG.to,Guardian CapitalGCL.to,Colabor Group Inc-GCM.to,Gran Colombia Gold Corp-GCT.to,Gvic Communications CorpGDC.to,Genesis Land JGDI.to,Gdi Integrated FacilityGDL.to,Goodfellow IncGDS.to,Gendis IncGEI.to,Gibson Energy IncGEN.to,Genenews LimitedGEO.to,Geodrill LimitedGGA.to,Goldgroup Mining IncGGD.to,Gogold Resources IncGH.to,Gamehost Inc-GIL.to,Gildan Activewear Inc-GIX.to,Geologix Explorations InGLG.to,Glg Life Tech CorporatioGMO.to,General Moly Inc-GMP.to,Gmp Capital Inc-GMX.to,Globex Mining EnterpriseGO.to,Mogo Finance TechnologyGPR.to,Great Panther Silver LimGQM.to,Golden Queen Mng JGS.to,Gluskin Sheff   AssociatGSC.to,Golden StarGTE.to,Gran Tierra Energy Inc-GTH.to,U-S- Geothermal Inc-GTX.to,Gran Tierra Exchangeco IGUD.to,Knight Therapeutics IncGUY.to,Guyana Goldfields IncGVC.to,Glacier Media IncGWO.to,Great-West Lifeco IncGWR.to,Gwr Global Water ResourcGXE.to,Gear Energy LtdGXF.to,First Asset Govt Bond BAGXI.to,Guestlogix Inc-GXO.to,Granite Oil CorpGZT.to,Gazit Globe LtdHAA.to,Horizons Active DiversifHAB.to,Horizons Active CorporatHAC.to,Horizons Seasonal RotatiHAD.to,Horizons Active CDN BondHAF.to,Horizons Active Global FHAJ.to,Horizons Active EmergingHAL.to,Horizons Active CDN DiviHAU.to,Horizons Active US DividHAZ.to,Horizons Active Global DHBB.to,Horizons CDN Select UnivHBC.to,Hudsons Bay CompanyHBD.to,Horizons Betapro Comex GHBM.to,Hudbay Minerals Inc-HBP.to,Helix BiopharmHBU.to,Horizons Betapro Comex GHCG.to,Home Capital Group Inc-HDX.to,Posera Hdx IncHE.to,Hanwei Energy Services CHEA.to,Horizons Enhd Income USHED.to,Horizons BP Sp TSX EnergHEE.to,Horizons Enhanced IncomeHEF.to,Horizons Enhanced IncomeHEJ.to,Horizons Enhd Inc Intl EHEP.to,Horizons Enhanced IncomeHER.to,Heron Resources LimitedHEU.to,Horizons Betapro S&P/TsxHEW.to,Horizons Sp/Tsx 60 EqualHEX.to,Horizons Enhanced IncomeHFD.to,Horizons BP Sp TSX Cap FHFP.to,Horizons Active Flt RateHFR.to,Horizons Active FloatingHFU.to,Horizons Betapro S&P/TsxHGD.to,Horizons BP Gold Bear PlHGN.to,Halogen Software IncHGU.to,Horizons BP Sp TSX GlobaHGY.to,Horizons Gold Yield ETFHHF.to,Horizons Morningstar HdgHII.to,Horizons CDN Insider IndHIU.to,Horizons Betapro Sp 500HIX.to,Horizons Betapro S&P/TsxHLC.to,Holloway Lodging CorporaHLF.to,High LinerHMD.to,Horizons BP Global BaseHMF.to,Horizons Auspice ManagedHND.to,Horizons Betapro Nymex NHNL.to,Horizon North LogisticsHNU.to,Horizons Beta Pro NymexHNY.to,Horizons Natural Gas YieHOD.to,Horizon Beta Pro Nymex CHOG.to,Horizons CDN Midstream OHOU.to,Horizon Betapro Nymex CrHPR.to,Horizons Active PreferreHQD.to,Horizons Betapro Nasdaq1HQU.to,Horizons Betapro Nasdaq1HRT.to,Harte Gold CorpHRX.to,Heroux-DevtekHSD.to,Horizons BP Sp500 Bear PHSE.to,Husky Energy Inc-HSL.to,Horizons Active Float RaHSU.to,Horizons Betapro S&P 500HTB.to,Horizons US 7 To 10 Yr THTD.to,Horizons Betapro U-S 30HUC.to,Horizons Nymex Crude OilHUF.to,Horizons Active US FloatHUG.to,Horizons Comex Gold ETFHUN.to,Horizons Nymex Natural GHUT.to,Horizons CDN Equity MgdHUV.to,Horizons BP Sp500 VIX STHUZ.to,Horizons Comex Silver EtHVI.to,Horizons BP Sp500 VIX STHVU.to,Horizons BP Sp500 VIX STHWD.to,Hardwoods Distribution IHWO.to,High Arctic Energy ServiHXD.to,Horizons Betapro S&P/TsxHXE.to,Horizons Sp TSX Capped EHXF.to,Horizons Sp TSX Capped FHXS.to,Horizons Sp 500 Index EtHXT.to,Horizons Sp Tsx60 IndexHXU.to,Horizons Betapro S&P/TsxHYD.to,Hyduke Energy Services IHYG.to,Hydrogenics CorporationHYI.to,Horizons Active High YieHZD.to,Horizons BP Comex SilverHZM.to,Horizonte Minerals PlcHZU.to,Horizons BP Comex SilverI.to,Intellipharmaceutics IntIAE.to,Ithaca Energy IncIAG.to,Industrial Alliance InsIAM.to,Integrated Asset ManagemIBG.to,Ibi Group Inc-ICE.to,Canlan ICE Sports Corp-ICP.to,Ic Potash CorpIDC.to,Intl Datacasting JIDG.to,Indigo Books & Music IncIDM.to,Idm Mining LtdIFC.to,Intact Financial CorporaIFP.to,Interfor CorporationIGM.to,Igm Financial Inc-IGT.to,Ishares Gold TrustIII.to,Imperial Metals CorpILV.to,Powershares Sp Intl DevIMG.to,Iamgold CorpIMO.to,Imperial OilIMP.to,Intermap Tech Corp-IMV.to,Immunovaccine IncINE.to,Innergex Renewable EnergINQ.to,Inscape Corp- SvINV.to,Inv Metals Inc-IPL.to,Inter Pipeline LtdIRD.to,Intl Road DynamIRG.to,Imvescor Restaurant GrouIRL.to,Minera Irl LimitedISM.to,Inspiration Mining CorpoISV.to,Information Services CorIT.to,The Intertain Group LimiITC.to,Intrinsyc Technologies CITH.to,International Tower HillITP.to,Intertape PolymerIVN.to,Ivanhoe Mines LtdIVW.to,Ivernia IncIXR.to,Imx Resources LimitedJDN.to,Jayden Resources IncJE.to,Just Energy Group IncJEC.to,Jura Energy CorporationJOY.to,Journey Energy IncK.to,Kinross Gold Corp-KAT.to,Katanga Mining LimitedKBL.to,Kbro Linen Inc-KDX.to,Klondex Mines Ltd-KEL.to,Kelt Exploration LtdKER.to,Kerr Mines IncKEY.to,Keyera CorpKFS.to,Kingsway FinKGI.to,Kirkland Lake Gold Inc-KLS.to,Kelso Technologies IncKMP.to,Killam Properties Inc-KOR.to,Corvus Gold IncKPT.to,Kp Tissue IncKRN.to,Karnalyte Resources IncKXF.to,First Asset Corp Bond BAKXS.to,Kinaxis IncL.to,Loblaw CoLAC.to,Lithium Americas CorpLAM.to,Laramide Resources Ltd-LB.to,Laurentian BankLBS.to,Life & Banc Split Corp-LCS.to,Brompton Lifeco Split CoLEG.to,Legacy Oil and Gas IncLEX.to,Lexam VG Gold IncLFE.to,Canadian Life CompaniesLGC.to,Luna Gold CorpLIF.to,Labrador Iron Ore RoyaltLII.to,Logan International IncLIQ.to,Liquor Stores Na Ltd-LMP.to,Lumenpulse IncLN.to,Loncor Resources IncLNF.to,Leons FurnitureLNR.to,Linamar CorpLRE.to,Long Run Exploration LtdLSG.to,Lake Shore Gold Corp-LTS.to,Lightstream Resources LtLUC.to,Lucara Diamond CorpLUG.to,Lundin Gold IncLUN.to,Lundin Mining Corp-LVN.to,Levon Resources LtdLWP.to,Legumex Walker IncLXF.to,First Asset Can-60 CoverLYD.to,Lydian International LimMA.to,Manac IncMAA.to,Magindustries Corp-MAG.to,Mag Silver Corp-MAK.to,Minemakers LimitedMAL.to,Magellan AeroMAQ.to,Mcewen Mining Minera andMAR.to,Marret Resource CorpMAW.to,Mawson Resources LtdMAX.to,Midas Gold IncMAY.to,Meadow Bay Gold CorpMBA.to,Cibt Education Group IncMBC.to,Mbac Fertilizer Corp-MBN.to,Mbn CorporationMBT.to,Manitoba TelecomMBX.to,Microbix JMCB.to,Mccoy Global IncMCZ.to,Mad Catz Interactive IncMDA.to,Macdonald DettwilerMDF.to,Mediagrif InteracMDI.to,Major Drilling GrpMDN.to,Mdn  Inc-MDW.to,Midway Gold CorpME.to,Moneta Porcupine JMEG.to,Meg Energy Corp-MEQ.to,Mainstreet Eq JMET.to,Metalore ResMFC.to,Manulife FinMFI.to,Maple Leaf FoodsMG.to,Magna International IncMGA.to,Mega Uranium Ltd-MGO.to,Migao CorporationMGT.to,Mines Management Inc-MIC.to,Genworth Mi Canada Inc-MKP.to,Mcan Mortgage CorporatioMLP.to,Front Street US MLP IncoMM.to,Mood Media CorporationMMM.to,Minco Gold CorporationMMS.to,Macarthur Minerals LimitMMT.to,Mart Resources IncMND.to,Mandalay Resources CorpoMNT.to,Royal Canadian Mint CDNMNW.to,Mitel Networks CorporatiMOZ.to,Marathon Gold CorporatioMPC.to,Madison Pac Cl BMPI.to,Metals Plus Income CorpMPV.to,Mountain Prov JMRC.to,Morguard Corp-MRD.to,Melcor DevMRE.to,Martinrea InternationalMRU.to,Metro IncMSI.to,Morneau Shepell Inc-MSL.to,Merus Labs InternationalMSV.to,Minco Silver Corp-MTG.to,Timbercreek Sr MortgageMTL.to,Mullen Group Ltd-MTY.to,Mty Food Group IncMUX.to,Mcewen Mining IncMWE.to,Mawson West LimtedMX.to,Methanex CorpMXF.to,First Asset Can-MaterialMXG.to,Maxim Power Corp-NA.to,National Bank of CanadaNAL.to,Newalta CorporationNB.to,Niocorp Developments LtdNBD.to,Norbord Inc-NBZ.to,Northern Blizzard ResourNCF.to,Northcliff Resources LtdNCQ.to,Novacopper IncNCU.to,Nevada Copper Corp-NDM.to,Northern Dynasty MineralNDQ.to,Novadaq Technologies IncNFI.to,New Flyer Industries IncNG.to,Novagold Res Inc-NGD.to,New Gold Inc-NGQ.to,Ngex Resources Inc-NHC.to,Nobilis Health CorpNI.to,Victory Nickel Inc-NII.to,Norsat International IncNKO.to,Niko ResNLN.to,Neulion Inc-NML.to,New Millennium Iron CorpNOA.to,North American Energy PaNPC.to,Napec IncNPI.to,Northland Power Inc-NPK.to,Verde Potash PlcNPS.to,Northern Power Systems CNRE.to,Namibia Rare Earths IncNRG.to,Alter NRG Corp-NRI.to,Nuvo Research IncNSU.to,Nevsun Res JNTB.to,Neptune Technologies & BNUS.to,Nautilus Minerals Inc-NUX.to,New Pacific Metals CorpNVA.to,Nuvista Energy Ltd-NVC.to,Neovasc IncNVR.to,Nevada Iron LtdNWC.to,The North West Company INXC.to,Nexc Partners CorpNXF.to,First Asset Energy GiantNXJ.to,Nexj Systems IncOBM.to,Oban Mining CorporationOCX.to,Onex Corporation SvOER.to,Oando Energy Resources IOGC.to,Oceanagold CorporationOGD.to,Orbit Garant Drilling InOLY.to,Olympia Financial GroupOMI.to,Orosur Mining IncOMN.to,Oracle Mining CorpONC.to,Oncolytics BioOPM.to,Opta Minerals Inc-OR.to,Osisko Gold Royalties LtORA.to,Aura Minerals  Inc-ORE.to,Orezone Gold CorporationORL.to,Orocobre LimitedORT.to,Orbite Aluminae IncORV.to,Orvana Minerals JOSP.to,Brompton Oil Split CorpOSU.to,Orsu Metals CorporationOTC.to,Open Text CorpOXC.to,Oryx Petroleum CorporatiOXF.to,First Asset Can-Energy CP.to,Primero Mining CorpPAA.to,Pan American JPBD.to,Purpose Total Return BonPBH.to,Premium Brands HoldingsPBI.to,Purpose Best Ideas FundPBL.to,Pollard Banknote LimitedPCY.to,Prophecy Development CorPD.to,Precision Drilling CorpoPDC.to,Powershares CDN Div IdxPDF.to,Purpose Core Dividend FuPDL.to,N A PalladiumPDN.to,Paladin Energy Ltd-PDV.to,Prime Dividend Corp- ClPEG.to,Pattern Energy Group IncPEU.to,Purpose Enhanced US EquiPEY.to,Peyto Exploration and DvPFB.to,Pfb CorpPFH.to,Powershares HY Corp BondPFL.to,Powershares 1 To 3 Yr LaPG.to,Premier Gold Mines Ltd-PGD.to,Peregrine Diamonds Ltd-PGF.to,Pengrowth Energy CorporaPGL.to,Powershares Ultra LiquidPHE.to,Purpose Tactical HedgedPHR.to,Purpose Duration HedgedPHX.to,Phx Energy Services CorpPIF.to,Polaris Infrastructure IPIH.to,Pacific Insight ElectronPIN.to,Purpose Monthly Income FPKI.to,Parkland Fuel CorporatioPLG.to,Pilot Gold IncPLI.to,Prometic Life Sciences IPLS.to,Polaris Materials CorporPLV.to,Powershares Low Vol PortPME.to,Sentry Select Primary MePMM.to,Purpose Multi Strategy MPMT.to,Perpetual Energy Inc-PNP.to,Pinetree Capital LtdPOM.to,Polymet Mining Corp-POT.to,Potash Corp of Sask IncPOU.to,Paramount Resources Ltd-POW.to,Power Corporation of CanPPL.to,Pembina Pipeline CorporaPPS.to,Powershares CDN Pref ShaPPY.to,Painted Pony Petroleum LPRA.to,Purpose Diversified RealPRE.to,Pacific Rubiales EnergyPRK.to,Potash Ridge CorporationPRU.to,Perseus Mining LimitedPRW.to,Petrowest CorporationPSA.to,Purpose High Interest SaPSB.to,Pwrshrs 1 To 5 Yr  LaddePSD.to,Pulse Seismic Inc-PSG.to,Performance Sports GroupPSI.to,Pason Systems Inc-PSK.to,Prairiesky Royalty LtdPSY.to,Pwrshr Glb Sharehldr YiePTB.to,Powershares Tactical BonPTM.to,Platinum Group Metals LtPTS.to,Points International LtdPUD.to,Purpose US Dividend FundPUR.to,Pure Technologies LtdPVG.to,Pretium Resources Inc-PWB.to,Pacific and Western BankPWC.to,Pwc Capital IncPWF.to,Power Financial Corp-PWT.to,Penn West Petroleum Ltd-PXC.to,Powershr FTSE Rafi CAD IPXF.to,First Asset Provincial BPXG.to,Pwrshr FTSE Rafi GlobalPXS.to,Pwrshr FTSE Rafi US FdamPXT.to,Parex Resources IncPXU.to,Powershr FTSE Rafi US IdPXX.to,Blackpearl Resources IncPZA.to,Pizza Pizza Royalty CorpPZC.to,Pwrshr FTSE Rafi CDN SmlPZW.to,Pwrshr FTSE Rafi Glb SmlQEC.to,Questerre Energy CorpQLT.to,Qlt IncQMG.to,Questrade Rus US Mc GrwtQMV.to,Questrade Rus US Mc ValQQC.to,Powershares QQQ CAD HdgQRD.to,Questrade Rus 1000 EW USQRH.to,Questrade Rus 1000 Eq USQRI.to,Questrade Rus 1000 EW USQRM.to,Quest Rare Minerals LtdQRT.to,Questrade Rus 1000 EW USQSR.to,Restaurant Brands InternQXM.to,F A Morningstar Nb QuebeR.to,Romarco Minerals Inc-RBA.to,Ritchie Bros AuctioneersRBM.to,Response Biomedical CorpRBO.to,RBC 1 To 5 Yr Laddered CRBS.to,R Split III Corp- CapitaRC.to,Rdm CorpRCD.to,RBC Quant CDN Dividend LRCH.to,Richelieu HardwareRCL.to,Ridley IncRDI.to,Rockwell Diamonds IncRDK.to,Redhawk Resources IncRDL.to,Redline Communications GRE.to,Rock Energy Inc-REN.to,Renaissance Gold IncRES.to,Rare Element Resources LRET.to,Reitmans CanadaRFP.to,Resolute Forest ProductsRGL.to,Royal Gold JRGX.to,Argex Titanium IncRHI.to,RBC Quant EAFE Div LeadeRHP.to,RBC Quant European Div LRHS.to,RBC Quant US Equity LeadRHU.to,RBC Quant US Div LeadersRIC.to,Richmont MinesRID.to,RBC Quant EAFE Div LeadeRIE.to,RBC Quant EAFE Equity LeRKN.to,Redknee Solutions Inc-RLC.to,Regal Lifestyle CommunitRME.to,Rocky Mountain DealershiRMP.to,Rmp Energy IncRMX.to,Rubicon Minerals Corp-RN.to,Rio Novo Gold IncRNW.to,Transalta Renewables IncRNX.to,Royal Nickel CorporationRON.to,Rona Inc-RPD.to,RBC Quant European Div LRQC.to,RBC Target 2015 Corp BonRQD.to,RBC Target 2016 Corp BonRQE.to,RBC Target 2017 Corp BonRQF.to,RBC Target 2018 Corp BonRQG.to,RBC Target 2019 Corp BonRQH.to,RBC Target 2020 Corp BonRQI.to,RBC Target 2021 Corp BonRRX.to,Raging River ExplorationRSC.to,Strateco Resources Inc-RSI.to,Rogers Sugar IncRTCM.to,S&P/TSX Income TrustRTG.to,Rtg Mining IncRTRE.to,S&P/TSX Capped REITRUD.to,RBC Quant US Div LeadersRUE.to,RBC Quant US Equity LeadRUS.to,Russel MetalsRVX.to,Resverlogix Corp-RWC.to,First Asset MSCI CanadaRWE.to,First Asset MSCI EuropeRWU.to,First Asset MSCI USA LrRWW.to,First Asset MSCI World LRXD.to,RBC Quant Emerging MktsRY.to,Royal Bank of CanadaS.to,Sherritt Intl RvSAM.to,Starcore International MSAP.to,Saputo Inc-SAS.to,St- Andrew Goldfields LtSAU.to,ST Augustine Gold and CoSBB.to,Sabina Gold and Silver CSBC.to,Brompton Split Banc CorpSBI.to,Serabi Gold PlcSBN.to,S Split Corp- Cl-ASBR.to,Silver Bear Resources InSCB.to,Street Capital Group IncSCC.to,Sears Canada IncSCL.to,Shawcor LtdSCP.to,Sprott Resource  CorpSCU.to,The Second Cup Ltd-SCY.to,Scandium International MSDY.to,Strad Energy Services LtSEA.to,Seabridge Gold Inc-SEC.to,Senvest CapitalSEN.to,Serinus Energy IncSES.to,Secure Energy Services ISGF.to,Shore Gold Inc-SGL.to,Spyglass Resources CorpSGQ.to,Southgobi Resources LtdSGY.to,Surge Energy IncSH.to,Shopify IncSIA.to,Sienna Senior Living IncSII.to,Sprott Inc-SIS.to,Savaria Corp-SJ.to,Stella Jones IncSLF.to,Sun Life Financial Inc-SLR.to,Solitario Exploration &SLW.to,Silver Wheaton Corp-SMA.to,Smart Technologies Inc-SMC.to,Sulliden Mining CapitalSMF.to,SEMAFO JSMT.to,Sierra Metals IncSNC.to,Snc-Lavalin SvSOX.to,Stuart Olson IncSOY.to,Sunopta Inc-SPB.to,Superior Plus Corp-SPE.to,Spartan Energy CorpSPM.to,Americas Silver CorporatSPT.to,Stockport Exploration InSQP.to,Strongco CorporationSSL.to,Sandstorm Gold LtdSSO.to,Silver Standard Res Inc-ST.to,Stonegate Agricom LtdSTB.to,Student Transportation ISTN.to,Stantec IncSTNC.to,S&P/TSX North American PSTNU.to,S&P/TSX North American PSU.to,Suncor Energy Inc-SUM.to,Solium Capital Inc-SUO.to,Sunshine Oilsands LtdSVB.to,Silver Bull Resources InSVC.to,Sandvine CorporationSVL.to,Silvercrest Mines IncSVM.to,Silvercorp Metals Inc-SVR.to,Ishares Silver Bullion ESVY.to,Savanna Energy ServicesSW.to,Sierra WirelessSWD.to,Sunward Resources LtdSWH.to,Sunwah International LimSWY.to,Stornoway Diamond Corp-SXI.to,Synex Intl JSXP.to,Supremex Inc-T.to,Telus CorporationTA.to,Transalta CorporationTAO.to,Tag Oil LtdTBE.to,Twin Butte Energy Ltd-TBL.to,Taiga Building ProductsTC.to,Tucows Inc-TCM.to,Thompson Creek Metals CoTCN.to,Tricon Capital Group IncTCP.to,Trident Performance CorpTCS.to,Tecsys Inc JTCW.to,Trican WellTCZ.to,Trident Performance CorpTD.to,Toronto-Dominion BankTDG.to,Trinidad Drilling Ltd-TEI.to,Toscana Energy Income CoTEL.to,Tellza Communications InTET.to,Trilogy Energy Corp-TFI.to,Transforce Inc-TGL.to,Transglobe Energy CorpTGO.to,Terago Inc-TGZ.to,Teranga Gold CorporationTH.to,TheratechnologiesTHO.to,Tahoe Resources IncTIH.to,Toromont IndTKO.to,Taseko Mines Ltd-TLB.to,Tearlab CorporationTLO.to,Talon Metals Corp-TLV.to,Powershares Sp TSX Low VTMA.to,Trimac Transportation LtTMB.to,Tembec Inc-TMC.to,Timbercreek Mtg Inv CorpTMD.to,Titan Medical IncTMI.to,Trimetals Mining IncTML.to,Treasury Metals Inc-TMM.to,Timmins Gold CorpTNP.to,Transatlantic PetroleumTNX.to,Tanzanian Royalty ExplorTOG.to,Torc Oil and Gas LtdTOS.to,Tso3 IncTOT.to,Total Energy Services InTOU.to,Tourmaline Oil CorpTPH.to,Temple Hotels IncTPK.to,Ten Peaks Coffee CompanyTPL.to,Tethys Petroleum LimitedTR.to,Trillium Therapeutics InTRI.to,Thomson Reuters CorporatTRL.to,Trimel Pharmaceuticals CTRP.to,Transcanada Corp-TRQ.to,Turquoise Hill ResourcesTSL.to,Tree Island Steel LtdTST.to,Telesta Therapeutics IncTT.to,Terra Energy Corp-TTEN.to,S&P/TSX Capped EnergyTTFS.to,S&P/TSX Capped FinancialTTGD.to,S&P/TSX Capped GoldTTH.to,Transition TherapeuticsTTHC.to,S&P/TSX Capped Health CATTIN.to,S&P/TSX Capped IndustriaTTMT.to,S&P/TSX Capped MaterialsTTRE.to,S&P/TSX Capped Real EstaTTTK.to,S&P/TSX Capped InformatiTTTS.to,S&P/TSX Capped TelecommuTTUT.to,S&P/TSX Capped UtilitiesTV.to,Trevali Mining CorporatiTVI.to,Tvi Pacific JTVK.to,Terravest Capital IncTWC.to,Twc Enterprises LimitedTX.to,Tuckamore Capital ManageTXBE.to,S&P/TSX Equal Weight GloTXBM.to,S&P/TSX Globalbase MetalTXCE.to,S&P/TSX Composite EqualTXCT.to,S&P/TSX Renew Energ & ClTXDC.to,S&P/TSX Composite DivideTXDE.to,S&P/TSX Equal Weight DivTXDV.to,S&P/TSX CDN Div AristocrTXEI.to,S&P/TSX Equity Income InTXEW.to,S&P/TSX 60 Equal WeightTXF.to,First Asset Tech GiantsTXG.to,Torex Gold Resources IncTXGE.to,S&P/TSX Equal Weight GloTXGM.to,S&P/TSX Global Mining InTXIE.to,S&P/TSX Equal Weight IndTXL.to,Tesla Exploration LtdTXLV.to,S&P/TSX Composite Low VoTXOE.to,S&P/TSX Equal Weight OilTXP.to,Touchstone Exploration ITXPL.to,S&P/TSX Preferred ShareTXPR.to,S&P/TSX  Preferred ShareTXSI.to,S&P/TSX 60 Shariah IndexTZS.to,Trez Capital Senior MortTZZ.to,Trez Capital Mortgage InU.to,Uranium Participation CoUEX.to,Uex CorpUFS.to,Domtar CorporationULV.to,Powershares Sp500 Low VoUNC.to,United Corp LtdUNS.to,Uni Select IncUR.to,Urthecast CorpURB.to,Urbana CorporationURE.to,Ur-Energy Inc-URZ.to,Uranerz Energy CorporatiUS.to,US Dividend Growers IncoUSB.to,Powershares Lad US 0 ToUWE.to,U3O8 CorpUXM.to,F A Morningstar US Div TVA.to,Vanguard FTSE Dev Asia PVAB.to,Vanguard CDN Aggregate BVBG.to,Vanguard Global Ex US AgVBU.to,Vanguard US Agg Bond IndVCE.to,Vanguard FTSE Canada IndVCM.to,Vecima Networks Inc-VCN.to,Vanguard FTSE Canada AllVDU.to,Vanguard FTSE DevelopedVDY.to,Vanguard FTSE CDN High DVE.to,Vanguard FTSE Dev EuropeVEE.to,Vanguard FTSE Emerging MVEF.to,Vanguard FTSE Dev Ex NaVEM.to,Vena Resources IncVET.to,Vermilion Energy IncVFF.to,Village Farms InternatioVFV.to,Vanguard Sp 500 Index EtVGG.to,Vanguard US Div Appr IdxVGH.to,Vanguard US Div Appr IdxVGZ.to,Vista Gold CorpVII.to,Seven Generations EnergyVIXC.to,S&P/TSX 60 VIXVLE.to,Valeura Energy IncVLN.to,Velan Inc- SvVNP.to,5N Plus Inc-VNR.to,Valener IncVRE.to,Vanguard FTSE CDN CappedVRX.to,Valeant PharmaceuticalsVSB.to,Vanguard CDN Short-TermVSC.to,Vanguard CDN Short TermVSN.to,Veresen Inc-VSP.to,Vanguard Sp 500 Index EtVUN.to,Vanguard US Total MarketVUS.to,Vanguard US Total Mkt IdVXC.to,Vanguard FTSE All WorldVXM.to,F A Morningstar Intl ValVXS.to,Vixs Systems IncVXSC.to,S&P/TSX Venture Select IWB.to,Whistler Blackcomb HoldiWCP.to,Whitecap Resources IncWDN.to,Waldron Energy CorporatiWDO.to,Wesdome Gold Mines Ltd-WEF.to,Western Forest ProductsWEQ.to,Westernone IncWEW.to,Webtech Wireless Inc-WFC.to,Wall FinancialWFS.to,World Financial Split CoWFT.to,West Fraser Timber Co LtWG.to,Wellgreen Platinum LtdWIN.to,Wi-Lan IncWJA.to,Westjet Airlines Ltd-WJX.to,Wajax CorporationWLC.to,Western Lithium USA CorpWM.to,Wallbridge Mng JWN.to,Weston GeorgeWPK.to,Winpak LtdWPT.to,Westport Innovations IncWPX.to,Western Potash CorpWRG.to,Western Energy ServicesWRN.to,Western Copper and GoldWS.to,Wildcat Silver CorporatiWSP.to,WSP Global IncWTE.to,Westshore Terminals InveWXM.to,F A Morningstar Cda MomeX.to,Tmx Group LimitedXAL.to,Ishares Alternatives ComXAW.to,Ishares Core MSCI All CnXBB.to,Ishares Canadian UniversXBM.to,Ishares Sp TSX Global BAXBZ.to,Ishares MSCI Brazil IndeXCB.to,Ishares Canadian CorporaXCD.to,Ishares Sp Global Cons DXCG.to,Ishares Canadian GrowthXCH.to,Ishares China Index ETFXCR.to,Ishares Conservative CorXCS.to,Ishares Sp TSX SmallcapXCV.to,Ishares Canadian Value IXDC.to,Xtreme Drilling and CoilXDV.to,Ishares Canadian SelectXEB.to,Ishares JP Morgan USD EMXEC.to,Ishares Core MSCI EmergiXEF.to,Ishares Core MSCI EAFE IXEG.to,Ishares Sp TSX Capped EnXEH.to,Ishares MSCI Europe IMIXEI.to,Ishares Core Sp TSX CompXEM.to,Ishares MSCI Emerging MaXEN.to,Ishares Jantzi Social InXEU.to,Ishares MSCI Europe IMIXFH.to,Ishares Core MSCI EAFE IXFN.to,Ishares Sp TSX Capped FiXFR.to,Ishares Floating Rate InXGB.to,Ishares Canadian Govt BoXGC.to,Ishares Global Comp- PorXGD.to,Ishares S&P/Tsx Global GXGI.to,Ishares Sp Global IndustXGR.to,Ishares Growth Core PortXHB.to,Ishares CDN Hybrid CorpXHC.to,Ishares Global HealthcarXHD.to,Ishares US High Div EquiXHU.to,Ishares US High Div EquiXHY.to,Ishares US High Yield BoXIC.to,Ishares Core Sp TSX CappXID.to,Ishares India Index ETFXIG.to,Ishares US Ig CorporateXIN.to,Ishares MSCI EAFE IndexXIT.to,Ishares Sp TSX Capped InXIU.to,Ishares Sp TSX 60 IndexXLA.to,Ishares Latin America InXLB.to,Ishares Core CDN Long TeXMA.to,Ishares Sp TSX Capped MaXMD.to,Ishares Sp TSX CompletioXMI.to,Ishares MSCI EAFE Min VoXMM.to,Ishares MSCI Emerg MktsXMU.to,Ishares MSCI USA Min VolXMV.to,Ishares MSCI Canada MinXMW.to,Ishares MSCI All CountryXPF.to,Ishares Sp TSX Na Pref SXQB.to,Ishares Core Hi QualityXQQ.to,Ishares Nasdaq 100 IndexXRB.to,Ishares CDN Real ReturnXRC.to,Exeter Resource CorporatXRE.to,Ishares Sp TSX Capped ReXSB.to,Ishares Canadian Short TXSH.to,Ishares Core CDN ST CorpXSI.to,Ishares Short Term StratXSP.to,Ishares Core Sp 500 IdxXSQ.to,Ishares Core ST Hi QualiXSR.to,Sirius XM Canada HoldingXST.to,Ishares Sp TSX Capped CoXSU.to,Ishares US Small Cap IndXTC.to,Exco TechXTD.to,Tdb Split Corp- Class AXTG.to,Xtra Gold Resources CorpXTR.to,Ishares Diversified MontXUH.to,Ishares Core Sp US TotalXUS.to,Ishares Core Sp 500 IndeXUT.to,Ishares Sp TSX Capped UtXUU.to,Ishares Core Sp US TotalXVX.to,Ishares Sp TSX Venture IXWD.to,Ishares MSCI World IndexXXM.to,Fa Morningstar US ValueXYM.to,Star Portfolio Corp-Y.to,Yellow Pages LimitedYCM.to,Commerce Split Corp CapiYGR.to,Yangarra Resources LtdYMI.to,Yellowhead Mining IncYRI.to,Yamana Gold IncYXM.to,Fa Morningstar US MomentZAG.to,BMO Aggregate Bond IndexZAR.to,Zargon Oil and Gas Ltd-ZAZ.to,Zazu Metals CorporationZBK.to,BMO Equal Weight US BankZCH.to,BMO China Equity Index EZCL.to,Zcl CompositesZCM.to,BMO Mid Corporate Bond IZCN.to,BMO Sp TSX Capped Comp IZCS.to,BMO Short Corp Bond IndeZDB.to,BMO Discount Bond Idx EtZDI.to,BMO International DivideZDJ.to,BMO DJIA Hedged To CAD IZDM.to,BMO MSCI EAFE Hedged ToZDV.to,BMO Canadian Dividend EtZDY.to,BMO US Dividend ETF CADZEA.to,BMO MSCI EAFE Idx ETFZEB.to,BMO Sp TSX Equal WeightZEF.to,BMO Emg Mkt Bond Hdgd ToZEM.to,BMO MSCI Emerging MarketZEO.to,BMO Sp TSX Eql Weight OiZEQ.to,BMO MSCI EU Hq Hcad IdxZFH.to,BMO Floating Rate High YZFL.to,BMO Long Fed Bond IndexZFM.to,BMO Mid Federal Bond IndZFS.to,BMO Short Federal Bond IZGD.to,BMO Sp TSX Eql Weight GlZGI.to,BMO Global InfrastructurZGQ.to,BMO MSCI All Cntry WrldZHY.to,BMO High Yld US Corp BndZIC.to,BMO Mid Term US Ig CorpZID.to,BMO India Equity Index EZIN.to,BMO Sp TSX Equal WeightZJG.to,BMO Junior Gold Index EtZJN.to,BMO Junior Gas Index ETFZJO.to,BMO Junior Oil Index ETFZLB.to,BMO Low Volatility CAD EZLC.to,BMO Long Corporate BondZLU.to,BMO Low Volatility US EqZMI.to,BMO Monthly Income ETFZMP.to,BMO Mid Provincial BondZMT.to,BMO Sptsx Eql Wgt Glb MeZMU.to,BMO Mid Term US Ig CorpZPL.to,BMO Long Provincial BondZPR.to,BMO Sp TSX Laddered PrefZPS.to,BMO Short Provincial BonZQQ.to,BMO Nasdaq 100 Hedged ToZRE.to,BMO Equal Weight Reits IZRR.to,BMO Real Return Bond IndZSP.to,BMO Sp 500 Index ETFZST.to,BMO Ultra Short Term BonZSU.to,BMO ST US Ig Corp Bond HZUB.to,BMO Eql Wgt US Bank HdgdZUD.to,BMO US Dividend Hedged TZUE.to,BMO Sp 500 Hedged CAD IdZUH.to,BMO Eql Wgt US Hcare HdgZUQ.to,BMO MSCI USA High QualitZUT.to,BMO Equal Weight UtilitiZWA.to,BMO Covered Call DJIA CAZWB.to,BMO Covered Call CanadiaZWH.to,BMO US High Dividend CovZWU.to,BMO Covered Call UtilitiZXB.to,BMO 2015 Corp Bond TargeZXC.to,BMO 2020 Corp Bond TargeZXD.to,BMO 2025 Corp Bond TargeZXM.to,F A Morningstar Intl Mom